ncap,seed,H,gini,alive,ratio_sg,share_rate,quadrant
216,20000,1.5908,0.4492,203,0.4835,0.2085,Roma
216,20001,0.633,0.0793,203,0.2912,0.1197,Utopia
216,20002,0.6016,0.0813,200,0.2636,0.1096,Utopia
216,20003,0.9824,0.3356,212,0.4542,0.3007,Type_A
216,20004,1.3969,0.3387,212,0.2052,0.1216,Roma
216,20005,1.022,0.1391,200,1.1122,0.3485,Type_B
216,20006,0.9348,0.2826,215,0.359,0.2476,Type_A
216,20007,1.1609,0.2877,204,0.661,0.3094,Roma
216,20008,1.0254,0.3448,213,0.4869,0.3137,Roma
216,20009,0.6586,0.1202,200,0.3402,0.1308,Utopia
216,20010,1.4709,0.3722,216,0.2626,0.1497,Roma
216,20011,1.535,0.4272,213,0.3846,0.2014,Roma
216,20012,0.9178,0.2946,212,0.3847,0.272,Type_A
216,20013,0.976,0.3159,216,0.4072,0.2778,Type_A
216,20014,1.0529,0.1556,203,0.9337,0.3559,Type_B
216,20015,0.8993,0.2888,214,0.3666,0.2619,Type_A
216,20016,0.8833,0.2821,212,0.3514,0.2551,Type_A
216,20017,1.1152,0.2163,196,2.0072,0.5102,Type_B
216,20018,1.0346,0.4255,216,0.7139,0.4069,Roma
216,20019,1.0913,0.2826,178,0.0002,0.0001,Roma
216,20020,1.0479,0.2059,191,2.3348,0.5213,Type_B
216,20021,1.081,0.4416,153,0.8902,0.4602,Roma
216,20022,0.7587,0.0814,216,0.3431,0.1619,Utopia
216,20023,0.8966,0.2637,215,0.33,0.2305,Utopia
216,20024,0.7147,0.0805,206,0.3726,0.1532,Utopia
216,20025,1.1305,0.2861,154,0.0003,0.0003,Roma
216,20026,2.1285,0.6236,154,0.9509,0.237,Roma
216,20027,0.1761,0.0477,215,0.0002,0.0002,Utopia
216,20028,0.9636,0.3052,216,0.3784,0.2653,Type_A
216,20029,0.9944,0.3446,207,0.4853,0.3143,Roma
216,20030,0.8711,0.0938,205,0.6492,0.2411,Utopia
216,20031,0.5618,0.0772,205,0.24,0.1002,Utopia
216,20032,0.6192,0.0757,216,0.2316,0.1081,Utopia
216,20033,1.0435,0.3909,216,0.5865,0.3588,Roma
216,20034,1.0477,0.4246,216,0.7186,0.4075,Roma
216,20035,0.3152,0.0466,216,0.0002,0.0002,Utopia
216,20036,0.257,0.0469,216,0.0002,0.0002,Utopia
216,20037,1.073,0.2864,155,0.0003,0.0002,Roma
216,20038,1.0093,0.3819,215,0.5571,0.3488,Roma
216,20039,0.9263,0.2641,216,0.3337,0.2302,Utopia
216,20040,1.0142,0.3598,209,0.5156,0.3269,Roma
216,20041,1.0855,0.4077,164,0.7472,0.4169,Roma
216,20043,0.9808,0.2984,215,0.4188,0.2874,Type_A
216,20044,1.5472,0.4512,212,0.4029,0.1813,Roma
216,20045,0.6984,0.0858,205,0.3597,0.1528,Utopia
216,20046,0.1851,0.0485,210,0.0002,0.0001,Utopia
216,20047,1.5733,0.4605,209,0.4449,0.1969,Roma
216,20048,1.1337,0.1428,181,1.6848,0.4642,Type_B
216,20049,0.9096,0.2485,216,0.2841,0.2129,Utopia
216,20050,0.5863,0.0768,207,0.2368,0.0975,Utopia
216,20051,1.1213,0.2833,194,2.1287,0.5265,Roma
216,20052,0.7875,0.0845,211,0.4884,0.192,Utopia
216,20053,0.7018,0.1038,202,0.3523,0.1453,Utopia
216,20054,0.2211,0.0482,212,0.0002,0.0001,Utopia
216,20055,0.6609,0.0794,201,0.327,0.1287,Utopia
216,20056,1.6227,0.5545,201,0.7079,0.268,Roma
216,20057,1.1576,0.435,187,0.8634,0.4441,Roma
216,20058,0.9771,0.3314,213,0.4538,0.2986,Type_A
216,20059,1.5135,0.398,203,2.7106,0.2675,Roma
218,20000,1.5277,0.4083,218,0.3153,0.1511,Roma
218,20001,0.623,0.0734,218,0.2244,0.1046,Utopia
218,20002,0.6499,0.0743,218,0.3313,0.1275,Utopia
218,20003,1.0078,0.3806,211,0.5631,0.3493,Roma
218,20004,1.0214,0.1465,191,1.789,0.4283,Type_B
218,20005,1.0492,0.421,203,0.6742,0.3901,Roma
218,20006,0.92,0.2692,218,0.3436,0.2365,Utopia
218,20007,1.6936,0.5708,156,0.8464,0.2962,Roma
218,20008,0.8525,0.2313,204,0.3133,0.2358,Utopia
218,20009,0.9797,0.2989,218,0.3979,0.2667,Type_A
218,20010,1.1154,0.3372,210,3.2514,0.6108,Roma
218,20011,1.0724,0.0893,218,0.5296,0.2864,Type_B
218,20012,1.0271,0.3564,214,0.5107,0.3246,Roma
218,20013,0.9864,0.3491,208,0.4982,0.3201,Type_A
218,20014,1.4507,0.4423,185,4.4552,0.2927,Roma
218,20015,1.5206,0.3996,218,1.1243,0.2234,Roma
218,20016,0.8895,0.2826,214,0.3371,0.2474,Type_A
218,20017,1.6319,0.4484,218,0.4496,0.1984,Roma
218,20018,0.9058,0.2267,213,0.3195,0.2372,Utopia
218,20020,1.5751,0.4632,214,0.4385,0.1927,Roma
218,20021,1.0166,0.3929,208,0.5835,0.3588,Roma
218,20022,0.9476,0.2297,217,0.3296,0.2412,Utopia
218,20023,0.5641,0.0745,216,0.2111,0.0859,Utopia
218,20024,0.9224,0.2711,218,0.3406,0.2373,Utopia
218,20025,0.735,0.08,215,0.3451,0.1618,Utopia
218,20026,1.0959,0.4327,151,0.8854,0.4579,Roma
218,20027,0.873,0.228,207,0.3062,0.2296,Utopia
218,20028,1.5076,0.4662,218,2.3512,0.2622,Roma
218,20029,0.9063,0.5435,186,4.2397,0.7095,Type_A
218,20030,0.7358,0.0848,209,0.3708,0.1702,Utopia
218,20031,1.0683,0.2177,188,2.4525,0.5196,Type_B
218,20032,1.5672,0.4239,218,1.3815,0.2302,Roma
218,20033,0.2716,0.0466,218,0.0002,0.0002,Utopia
218,20034,0.2189,0.0476,217,0.0002,0.0001,Utopia
218,20035,1.5584,0.3883,218,1.1878,0.2302,Roma
218,20036,1.586,0.3935,218,1.1109,0.2197,Roma
218,20037,1.4318,0.3408,218,0.2892,0.1108,Roma
218,20038,0.8361,0.0908,212,0.5932,0.2225,Utopia
218,20039,1.3316,0.3203,216,0.1958,0.127,Roma
218,20040,0.9723,0.2951,218,0.3714,0.2551,Type_A
218,20041,1.2444,0.403,163,0.0002,0.0002,Roma
218,20042,0.2126,0.0478,216,0.0002,0.0001,Utopia
218,20043,0.9367,0.2769,218,0.343,0.2393,Type_A
218,20044,1.4781,0.3955,217,0.3078,0.1733,Roma
218,20045,0.2361,0.0471,217,0.0002,0.0002,Utopia
218,20046,0.8844,0.1477,218,0.5962,0.2289,Utopia
218,20047,1.662,0.5678,178,0.8404,0.2949,Roma
218,20048,0.2685,0.0466,218,0.0002,0.0002,Utopia
218,20049,0.298,0.0464,218,0.0002,0.0002,Utopia
218,20050,0.5119,0.0709,218,0.1663,0.0711,Utopia
218,20051,1.1495,0.2717,198,3.5347,0.5559,Type_B
218,20052,1.5752,0.4064,195,1.8985,0.2596,Roma
218,20053,1.0908,0.4141,218,0.702,0.398,Roma
218,20054,0.9464,0.2833,218,0.3507,0.2456,Type_A
218,20055,0.2568,0.047,218,0.0002,0.0002,Utopia
218,20056,0.2622,0.0467,218,0.0002,0.0001,Utopia
218,20057,0.251,0.047,216,0.0002,0.0002,Utopia
218,20058,0.5126,0.0705,218,0.2014,0.0829,Utopia
218,20059,1.0897,0.3593,195,2.6763,0.5846,Roma
220,20000,1.4266,0.4904,210,0.2325,0.0913,Roma
220,20001,0.9317,0.2881,218,0.3685,0.2628,Type_A
220,20003,0.5727,0.1016,215,0.2583,0.1049,Utopia
220,20004,0.967,0.3382,214,0.4621,0.3075,Type_A
220,20005,0.9306,0.2911,215,0.3852,0.272,Type_A
220,20006,1.0237,0.383,215,0.564,0.3507,Roma
220,20007,0.3166,0.046,220,0.0003,0.0003,Utopia
220,20008,1.1204,0.1945,188,1.9517,0.5066,Type_B
220,20009,1.9402,0.4608,220,0.797,0.129,Roma
220,20010,1.715,0.5695,186,0.8425,0.2908,Roma
220,20011,0.5583,0.0912,207,0.2489,0.1019,Utopia
220,20012,0.962,0.2948,220,0.3799,0.2605,Type_A
220,20013,1.6788,0.5752,176,0.8624,0.2966,Roma
220,20014,0.6427,0.1066,218,0.357,0.1334,Utopia
220,20015,1.5434,0.4153,220,0.7444,0.1772,Roma
220,20016,1.5909,0.3789,220,1.3788,0.25,Roma
220,20017,0.7999,0.0816,219,0.4825,0.1899,Utopia
220,20018,1.0137,0.3381,218,0.4764,0.3071,Roma
220,20019,0.2387,0.0468,218,0.0002,0.0002,Utopia
220,20020,0.527,0.0722,220,0.1902,0.0799,Utopia
220,20021,1.007,0.3266,220,0.4483,0.2951,Roma
220,20022,1.4126,0.6054,211,0.5345,0.133,Roma
220,20023,1.0085,0.3915,209,0.587,0.3598,Roma
220,20024,0.6158,0.0779,206,0.2869,0.1158,Utopia
220,20025,0.9626,0.3014,219,0.442,0.3006,Type_A
220,20026,1.0097,0.3636,212,0.5283,0.3327,Roma
220,20027,0.7576,0.0847,211,0.4829,0.1788,Utopia
220,20028,1.005,0.3823,161,0.6914,0.4041,Roma
220,20029,0.8321,0.0909,210,0.5444,0.2167,Utopia
220,20030,0.7418,0.6834,197,9.3136,0.7955,Type_A
220,20031,1.0492,0.1351,209,1.2087,0.3817,Type_B
220,20032,1.902,0.5679,194,6.2264,0.2258,Roma
220,20033,0.8822,0.0904,206,0.7167,0.26,Utopia
220,20034,0.8949,0.2877,215,0.3546,0.2571,Type_A
220,20035,1.0619,0.1955,194,2.4164,0.5342,Type_B
220,20036,1.0214,0.3876,210,0.5834,0.3569,Roma
220,20037,0.2951,0.0458,220,0.0002,0.0002,Utopia
220,20038,1.0923,0.2217,192,2.3662,0.5135,Type_B
220,20039,1.0855,0.1229,190,1.4102,0.3823,Type_B
220,20040,1.4988,0.4121,220,1.0637,0.2084,Roma
220,20041,0.7386,0.1555,209,0.1916,0.1581,Utopia
220,20042,0.9508,0.3011,213,0.4348,0.2977,Type_A
220,20043,1.0294,0.3018,218,0.4782,0.3152,Roma
220,20044,1.5222,0.4231,213,0.3477,0.16,Roma
220,20045,1.3181,0.5141,220,0.6845,0.1096,Roma
220,20046,0.881,0.0925,204,0.7246,0.236,Utopia
220,20047,0.5721,0.0782,205,0.2715,0.1105,Utopia
220,20048,0.644,0.076,215,0.3066,0.1348,Utopia
220,20049,0.985,0.3373,213,0.4567,0.3024,Type_A
220,20050,0.6251,0.1114,206,0.2859,0.1123,Utopia
220,20051,0.7434,0.0804,213,0.5063,0.1812,Utopia
220,20052,0.7045,0.0768,220,0.3212,0.1522,Utopia
220,20053,0.3022,0.046,220,0.0002,0.0001,Utopia
220,20054,1.0735,0.2265,194,2.3246,0.52,Type_B
220,20055,1.5924,0.4356,184,0.4721,0.2353,Roma
220,20056,0.9868,0.362,217,0.5225,0.3325,Type_A
220,20057,1.0375,0.4478,204,0.8756,0.4586,Roma
220,20058,1.4653,0.411,210,0.3279,0.1807,Roma
220,20059,1.0667,0.5324,204,1.1724,0.5147,Roma
220,20060,0.6713,0.1145,220,0.2902,0.1288,Utopia
220,20061,1.135,0.2256,187,2.0637,0.5141,Type_B
220,20062,0.9842,0.1287,204,1.0725,0.3342,Utopia
220,20063,1.0261,0.3762,220,0.5691,0.3493,Roma
220,20064,0.4634,0.0724,213,0.1483,0.0545,Utopia
220,20065,1.2186,0.1187,206,1.0361,0.4077,Type_B
220,20066,1.6689,0.5369,220,1.7351,0.3608,Roma
220,20067,1.0443,0.157,204,1.0236,0.3545,Type_B
220,20068,0.5501,0.0704,220,0.1983,0.0871,Utopia
220,20069,1.0263,0.4148,210,0.6632,0.3891,Roma
220,20070,1.6063,0.5044,216,0.526,0.2212,Roma
220,20071,1.0905,0.1329,191,1.3823,0.404,Type_B
220,20072,1.1044,0.1846,190,1.8532,0.501,Type_B
220,20073,1.2999,0.2959,214,0.169,0.1121,Roma
220,20074,0.9405,0.2266,217,0.3184,0.2349,Utopia
220,20075,1.0358,0.408,211,0.6276,0.374,Roma
220,20076,0.9341,0.2935,219,0.3837,0.2619,Type_A
220,20077,1.4316,0.3591,218,0.2456,0.1425,Roma
220,20078,1.1213,0.401,197,0.0002,0.0002,Roma
220,20079,0.8079,0.0821,219,0.5898,0.2136,Utopia
220,20080,0.9195,0.2298,217,0.3231,0.2388,Utopia
220,20081,1.5328,0.4261,220,1.7959,0.2499,Roma
220,20082,0.2628,0.0465,219,0.0002,0.0002,Utopia
220,20083,1.2954,0.3072,212,0.1935,0.1269,Roma
220,20084,1.1504,0.3946,151,0.0002,0.0001,Roma
220,20085,1.1539,0.1198,203,0.9621,0.4068,Type_B
220,20086,0.682,0.0792,207,0.3246,0.1287,Utopia
220,20087,1.084,0.1785,200,1.405,0.4349,Type_B
220,20088,0.2851,0.046,220,0.0002,0.0002,Utopia
220,20089,1.0794,0.2863,191,2.2917,0.5471,Roma
220,20090,0.0577,0.0348,165,0.0002,0.0002,Utopia
220,20091,0.9082,0.2314,216,0.3241,0.2399,Utopia
220,20092,0.9725,0.3459,208,0.4762,0.3142,Type_A
220,20093,1.1014,0.1825,208,1.5157,0.4461,Type_B
220,20094,0.2887,0.0462,220,0.0002,0.0002,Utopia
220,20095,0.9449,0.3066,213,0.3972,0.2719,Type_A
220,20096,1.3224,0.4275,173,0.0003,0.0003,Roma
220,20097,1.3104,0.4285,184,0.0002,0.0001,Roma
220,20098,0.6658,0.0767,215,0.353,0.1343,Utopia
220,20099,0.2196,0.0467,218,0.0003,0.0003,Utopia
222,20000,1.8349,0.4562,220,0.2129,0.0974,Roma
222,20001,0.9587,0.2898,222,0.3747,0.2652,Type_A
222,20002,1.493,0.4148,220,0.3265,0.1782,Roma
222,20003,0.7359,0.0825,207,0.3736,0.1576,Utopia
222,20004,0.306,0.0458,222,0.0002,0.0001,Utopia
222,20005,1.0024,0.454,193,4.2405,0.6545,Roma
222,20006,1.2517,0.4145,159,0.0002,0.0001,Roma
222,20007,1.0027,0.3284,222,0.4422,0.2936,Roma
222,20008,0.8673,0.4501,196,6.1613,0.7292,Type_A
222,20009,1.0334,0.3628,214,0.5212,0.3291,Roma
222,20010,1.1988,0.295,213,1.7015,0.4856,Roma
222,20011,1.523,0.4466,219,1.9547,0.2417,Roma
222,20012,0.9177,0.2878,222,0.3683,0.2518,Type_A
222,20013,1.2554,0.2786,214,0.1516,0.1019,Roma
222,20014,0.9782,0.3139,221,0.4215,0.2814,Type_A
222,20015,0.8653,0.2597,221,0.2962,0.2228,Utopia
222,20016,1.5818,0.4831,210,0.4747,0.2067,Roma
222,20017,1.5895,0.3909,222,1.3432,0.2436,Roma
222,20018,1.0163,0.3792,216,0.5644,0.3499,Roma
222,20019,1.0229,0.4066,214,0.6129,0.3696,Roma
222,20020,0.9239,0.2823,221,0.3547,0.247,Type_A
222,20021,0.6199,0.0932,208,0.3107,0.1194,Utopia
222,20022,1.0451,0.1466,213,1.0331,0.3497,Type_B
222,20023,1.0433,0.4307,214,0.7554,0.4198,Roma
222,20024,1.0814,0.182,198,2.008,0.4972,Type_B
222,20025,1.0795,0.2419,190,2.4119,0.4972,Type_B
222,20026,1.5679,0.4653,213,0.4483,0.1987,Roma
222,20027,0.985,0.1288,209,0.9205,0.3222,Utopia
222,20028,0.3061,0.0456,222,0.0003,0.0003,Utopia
222,20029,0.6056,0.0983,209,0.2768,0.1121,Utopia
222,20030,1.0241,0.4085,219,0.6351,0.3784,Roma
222,20031,1.0033,0.3887,213,0.5756,0.3522,Roma
222,20032,1.2685,0.2885,208,0.1927,0.132,Roma
222,20033,1.5475,0.4235,215,2.5084,0.2717,Roma
222,20035,0.6375,0.0786,206,0.3083,0.1232,Utopia
222,20036,1.293,0.4164,152,0.0002,0.0002,Roma
222,20037,0.6991,0.0771,222,0.2813,0.1375,Utopia
222,20038,0.6515,0.0808,208,0.3373,0.1452,Utopia
222,20039,0.8956,0.2666,222,0.3312,0.2341,Utopia
222,20041,1.1146,0.1554,189,2.0692,0.5109,Type_B
222,20042,0.9544,0.3065,222,0.3969,0.2676,Type_A
222,20043,0.9645,0.115,210,1.0186,0.304,Utopia
222,20044,0.5892,0.0982,207,0.2763,0.1085,Utopia
222,20045,0.9219,0.2749,221,0.352,0.2437,Type_A
222,20046,0.6331,0.0785,209,0.2813,0.1146,Utopia
222,20047,0.9504,0.3403,216,0.4589,0.3079,Type_A
222,20048,0.91,0.2571,222,0.2942,0.2197,Utopia
222,20049,0.9753,0.3113,218,0.409,0.2769,Type_A
222,20050,1.0382,0.198,213,0.093,0.0715,Type_B
222,20051,0.9383,0.4123,184,5.3815,0.7021,Type_A
222,20052,0.9907,0.3665,212,0.5303,0.3369,Roma
222,20053,1.0872,0.2768,198,2.2652,0.5165,Roma
222,20054,0.8101,0.0832,217,0.5911,0.2137,Utopia
222,20056,1.0549,0.2199,197,2.5674,0.5496,Type_B
222,20057,0.2782,0.0458,222,0.0002,0.0002,Utopia
222,20058,1.0062,0.2792,195,3.5805,0.6263,Roma
222,20059,1.0089,0.3474,222,0.492,0.3174,Roma
224,20000,0.9784,0.3425,224,0.4568,0.3027,Type_A
224,20001,0.7403,0.0784,221,0.4577,0.173,Utopia
224,20002,1.122,0.4006,202,0.0002,0.0002,Roma
224,20003,0.2136,0.0461,222,0.0002,0.0001,Utopia
224,20004,1.0557,0.4376,215,0.767,0.4216,Roma
224,20005,0.7555,0.0795,223,0.3699,0.1684,Utopia
224,20007,0.9674,0.3127,222,0.4312,0.2857,Type_A
224,20008,1.0849,0.1635,212,1.2294,0.3755,Type_B
224,20009,0.9241,0.2928,218,0.3817,0.2707,Type_A
224,20010,0.0353,0.0497,210,0.0002,0.0002,Utopia
224,20011,1.3673,0.3434,221,0.2499,0.1571,Roma
224,20012,0.6323,0.0757,221,0.3032,0.1331,Utopia
224,20013,1.0126,0.3531,222,0.4976,0.3196,Roma
224,20014,1.5985,0.5038,222,0.5215,0.2204,Roma
224,20015,0.9857,0.1931,216,0.0002,0.0002,Utopia
224,20016,0.9564,0.3113,222,0.4014,0.2751,Type_A
224,20017,1.5998,0.4484,224,3.0321,0.3171,Roma
224,20018,1.5317,0.4229,193,3.5797,0.2859,Roma
224,20019,1.0353,0.3738,220,0.5469,0.3406,Roma
224,20020,1.1408,0.1926,213,1.5165,0.4512,Type_B
224,20021,1.5544,0.4544,219,0.6416,0.3025,Roma
224,20022,0.9247,0.2938,221,0.394,0.2771,Type_A
224,20023,1.0883,0.4351,224,0.7732,0.4154,Roma
224,20024,0.925,0.2806,223,0.349,0.2521,Type_A
224,20025,0.0949,0.0484,215,0.0002,0.0001,Utopia
224,20026,0.2957,0.0453,224,0.0002,0.0002,Utopia
224,20027,1.006,0.1317,208,0.9885,0.3419,Type_B
224,20028,0.8525,0.1829,224,0.236,0.1853,Utopia
224,20029,0.4861,0.0743,212,0.1864,0.072,Utopia
224,20030,0.9876,0.3758,223,0.5204,0.3287,Roma
224,20031,1.1065,0.1934,201,2.1472,0.5111,Type_B
224,20032,0.9251,0.2793,223,0.3402,0.2475,Type_A
224,20033,0.9323,0.1007,208,1.0709,0.2844,Utopia
224,20034,1.3765,0.3803,221,0.1577,0.0877,Roma
224,20035,0.9437,0.2692,224,0.3494,0.2379,Utopia
224,20036,0.9363,0.1059,213,0.9717,0.2908,Utopia
224,20037,0.8902,0.0901,210,0.841,0.2581,Utopia
224,20038,1.0639,0.3508,196,2.979,0.6081,Roma
224,20039,1.5935,0.4874,210,0.4753,0.2058,Roma
224,20040,1.0434,0.3645,218,0.5264,0.3324,Roma
224,20041,0.5233,0.0699,224,0.1662,0.0724,Utopia
224,20042,0.5303,0.0696,224,0.1815,0.0761,Utopia
224,20043,0.6374,0.0751,224,0.2736,0.1239,Utopia
224,20044,1.0384,0.3717,221,0.5536,0.3425,Roma
224,20045,1.0265,0.2026,211,0.0818,0.0628,Type_B
224,20046,1.5598,0.3953,224,1.1914,0.2212,Roma
224,20047,0.6722,0.0797,210,0.3568,0.1361,Utopia
224,20048,0.5476,0.0704,220,0.2271,0.0943,Utopia
224,20049,1.4446,0.4171,219,1.4474,0.2122,Roma
224,20050,1.1094,0.32,190,4.9926,0.5612,Roma
224,20051,0.975,0.3109,223,0.4138,0.2793,Type_A
224,20052,1.0906,0.2091,196,2.6824,0.5746,Type_B
224,20053,1.2594,0.2732,218,0.2022,0.1391,Type_B
224,20054,0.9967,0.3016,223,0.4512,0.3035,Roma
224,20055,0.993,0.3076,224,0.3938,0.2647,Roma
224,20056,0.7599,0.0797,220,0.3987,0.1782,Utopia
224,20057,1.0501,0.4123,218,0.6874,0.3959,Roma
224,20058,1.0658,0.4983,211,1.0439,0.4876,Roma
224,20059,1.0034,0.3712,213,0.5447,0.3419,Roma
224,20060,0.781,0.0809,217,0.5387,0.1974,Utopia
224,20061,0.8662,0.0846,215,0.6569,0.2434,Utopia
224,20062,0.8874,0.0926,213,0.504,0.2283,Utopia
224,20063,1.4716,0.4233,211,0.3528,0.1923,Roma
224,20064,1.3388,0.3282,216,0.223,0.143,Roma
224,20065,0.6976,0.1409,213,0.3639,0.1465,Utopia
224,20066,1.0097,0.3033,221,0.4805,0.3177,Roma
224,20067,1.2034,0.2726,217,0.1605,0.1131,Type_B
224,20068,0.7985,0.156,220,0.1885,0.1536,Utopia
224,20069,1.125,0.2845,176,0.0002,0.0002,Roma
224,20070,0.5782,0.0977,224,0.2222,0.0913,Utopia
224,20071,0.7761,0.0849,211,0.4566,0.1963,Utopia
224,20072,1.5613,0.576,223,0.7889,0.2197,Roma
224,20073,0.8707,0.2291,216,0.3139,0.2355,Utopia
224,20074,0.7787,0.1496,160,0.0003,0.0003,Utopia
224,20075,0.9921,0.3067,224,0.4159,0.275,Roma
224,20076,1.2312,0.1987,207,1.0705,0.4453,Type_B
224,20077,0.8509,0.2506,223,0.2684,0.2053,Utopia
224,20078,1.0415,0.2224,201,2.9676,0.5623,Type_B
224,20079,0.8153,0.081,217,0.5554,0.194,Utopia
224,20080,0.2754,0.0455,224,0.0002,0.0002,Utopia
224,20081,1.4111,0.51,189,4.6445,0.2949,Roma
224,20082,0.7375,0.0817,212,0.3984,0.1653,Utopia
224,20083,1.1826,0.1485,207,0.8433,0.3796,Type_B
224,20084,1.3366,0.331,219,0.2175,0.1393,Roma
224,20085,1.436,0.3602,221,0.2417,0.1404,Roma
224,20086,1.0591,0.4293,213,0.7036,0.4002,Roma
224,20087,1.4107,0.4936,198,5.1259,0.2821,Roma
224,20088,0.1821,0.0463,222,0.0002,0.0002,Utopia
224,20089,0.3071,0.0454,224,0.0002,0.0001,Utopia
224,20090,0.2623,0.0457,224,0.0003,0.0003,Utopia
224,20091,0.8502,0.1868,220,0.2404,0.1883,Utopia
224,20092,0.602,0.0768,210,0.2838,0.1144,Utopia
224,20093,0.7023,0.0756,221,0.4095,0.1533,Utopia
224,20094,0.8199,0.0815,224,0.3847,0.1892,Utopia
224,20095,1.6041,0.4966,222,0.5136,0.2174,Roma
224,20096,0.9138,0.2485,224,0.2907,0.2081,Utopia
224,20097,0.657,0.0794,208,0.3504,0.1394,Utopia
224,20098,0.5285,0.0702,224,0.2034,0.0843,Utopia
224,20099,0.1394,0.0476,215,0.0002,0.0002,Utopia
226,20000,1.0503,0.3066,198,2.8367,0.5556,Roma
226,20001,0.6009,0.0795,211,0.2942,0.1201,Utopia
226,20002,1.0188,0.2164,217,0.0004,0.0003,Type_B
226,20003,0.9486,0.2928,225,0.3823,0.2697,Type_A
226,20004,1.3955,0.329,224,0.1922,0.1146,Roma
226,20005,0.8016,0.0787,224,0.5457,0.2007,Utopia
226,20006,0.7518,0.0802,215,0.5049,0.1802,Utopia
226,20007,1.1481,0.2634,213,3.0743,0.5394,Type_B
226,20008,0.938,0.2282,226,0.3198,0.2357,Utopia
226,20009,0.9555,0.2945,226,0.3738,0.2644,Type_A
226,20010,0.3147,0.045,226,0.0003,0.0002,Utopia
226,20011,1.0413,0.3842,226,0.5663,0.346,Roma
226,20012,1.5057,0.428,226,0.3561,0.1649,Roma
226,20013,0.0186,0.0366,179,0.0002,0.0001,Utopia
226,20014,0.9002,0.095,215,0.7942,0.2497,Utopia
226,20015,1.0731,0.1395,197,2.2217,0.4526,Type_B
226,20016,1.2021,0.1225,225,1.0291,0.4072,Type_B
226,20017,0.885,0.2678,223,0.3065,0.2282,Utopia
226,20018,1.1009,0.2487,191,4.1655,0.5261,Type_B
226,20019,0.8927,0.256,226,0.2913,0.2187,Utopia
226,20020,1.3574,0.3285,222,0.1927,0.1155,Roma
226,20021,0.9406,0.2823,226,0.3472,0.2453,Type_A
226,20022,0.6718,0.0743,223,0.3706,0.1433,Utopia
226,20023,0.9411,0.2533,192,5.8762,0.6761,Utopia
226,20024,1.6411,0.5565,221,0.6784,0.26,Roma
226,20025,0.3206,0.6543,201,0.0014,0.0003,Type_A
226,20026,0.6351,0.0771,212,0.2871,0.1167,Utopia
226,20027,1.5116,0.5734,225,0.5247,0.1649,Roma
226,20028,0.8937,0.2524,226,0.2834,0.2136,Utopia
226,20029,1.5651,0.4343,191,0.4394,0.2262,Roma
226,20030,0.6846,0.0818,216,0.3956,0.1651,Utopia
226,20031,0.845,0.0891,219,0.6437,0.2205,Utopia
226,20032,0.725,0.0951,210,0.4055,0.1656,Utopia
226,20033,1.6214,0.5426,215,0.619,0.2463,Roma
226,20034,0.6369,0.0787,213,0.3058,0.1239,Utopia
226,20035,1.5056,0.5435,211,0.4313,0.1427,Roma
226,20036,1.077,0.4382,224,0.8002,0.4306,Roma
226,20038,1.0385,0.4357,216,0.7721,0.4259,Roma
226,20039,0.2266,0.0458,225,0.0002,0.0002,Utopia
226,20040,1.0098,0.0911,226,0.5364,0.2691,Type_B
226,20041,1.3861,0.345,218,0.2609,0.1619,Roma
226,20042,1.6722,0.5553,218,0.7134,0.266,Roma
226,20043,1.1406,0.1743,190,2.0228,0.5107,Type_B
226,20044,1.006,0.1163,223,0.7545,0.3101,Type_B
226,20045,1.7811,0.4458,224,0.1771,0.0834,Roma
226,20046,1.6098,0.4999,226,0.6008,0.2403,Roma
226,20047,1.5977,0.4361,204,0.4852,0.2398,Roma
226,20048,0.8714,0.0944,214,0.7058,0.2242,Utopia
226,20049,0.0188,0.0408,171,0.0002,0.0002,Utopia
226,20050,0.8942,0.2667,222,0.3093,0.2302,Utopia
226,20051,1.0139,0.3902,225,0.5752,0.3525,Roma
226,20052,1.1851,0.1217,226,1.1017,0.42,Type_B
226,20054,1.1298,0.331,206,3.3411,0.5766,Roma
226,20055,0.6244,0.0768,211,0.2961,0.1193,Utopia
226,20056,1.0385,0.1909,201,2.7731,0.5587,Type_B
226,20057,0.8809,0.2633,223,0.2947,0.2214,Utopia
226,20058,0.5352,0.0713,226,0.2048,0.0864,Utopia
226,20059,0.6185,0.0769,212,0.3147,0.1291,Utopia
228,20000,0.9069,0.2583,228,0.3048,0.2264,Utopia
228,20001,0.905,0.2665,228,0.3159,0.2328,Utopia
228,20002,1.8577,0.4367,227,0.2529,0.1174,Roma
228,20003,1.083,0.4348,221,0.7903,0.4278,Roma
228,20004,0.3045,0.0446,228,0.0002,0.0001,Utopia
228,20005,1.063,0.4263,228,0.6681,0.3841,Roma
228,20006,1.0525,0.3785,222,0.6158,0.3702,Roma
228,20008,1.5578,0.4374,228,0.371,0.1666,Roma
228,20009,0.8341,0.0878,219,0.5926,0.2119,Utopia
228,20010,0.8142,0.1768,223,0.2296,0.1827,Utopia
228,20011,0.6892,0.0728,227,0.4264,0.155,Utopia
228,20012,0.9168,0.2617,228,0.307,0.228,Utopia
228,20013,1.0211,0.3664,221,0.5295,0.3357,Roma
228,20014,0.703,0.0796,214,0.3351,0.1348,Utopia
228,20015,1.0581,0.4452,222,0.743,0.4094,Roma
228,20016,1.6053,0.5236,223,0.5879,0.2373,Roma
228,20017,0.8616,0.224,226,0.2679,0.2053,Utopia
228,20018,0.6602,0.0746,220,0.3056,0.1347,Utopia
228,20019,1.0523,0.4194,220,0.6578,0.3846,Roma
228,20020,0.7032,0.0758,221,0.4343,0.1634,Utopia
228,20021,0.9436,0.299,225,0.3913,0.2668,Type_A
228,20022,0.8999,0.2281,224,0.3047,0.2284,Utopia
228,20023,1.4259,0.4147,221,0.2334,0.124,Roma
228,20024,0.5427,0.0735,216,0.2274,0.0942,Utopia
228,20025,0.9032,0.2825,226,0.3452,0.2515,Type_A
228,20026,1.0123,0.4222,227,0.6614,0.3891,Roma
228,20027,1.5557,0.4797,228,0.4497,0.1963,Roma
228,20028,0.2836,0.045,228,0.0003,0.0003,Utopia
228,20029,0.3051,0.0446,228,0.0002,0.0002,Utopia
228,20030,1.5775,0.4576,228,0.4201,0.1857,Roma
228,20031,1.0257,0.4251,212,0.6865,0.3967,Roma
228,20032,0.5817,0.0736,216,0.242,0.0971,Utopia
228,20033,0.7151,0.0756,224,0.453,0.1664,Utopia
228,20034,0.7904,0.08,228,0.3402,0.1734,Utopia
228,20035,0.7678,0.0799,221,0.5552,0.1982,Utopia
228,20036,1.0809,0.1663,198,2.5874,0.5008,Type_B
228,20037,1.5221,0.3946,214,1.5239,0.2306,Roma
228,20038,0.8085,0.079,225,0.5183,0.1914,Utopia
228,20039,0.2564,0.0454,226,0.0002,0.0002,Utopia
228,20040,1.0363,0.3736,224,0.5543,0.3446,Roma
228,20041,0.6931,0.1205,227,0.4626,0.1648,Utopia
228,20042,1.0743,0.4221,222,0.7675,0.4214,Roma
228,20043,0.244,0.0453,226,0.0002,0.0001,Utopia
228,20044,1.545,0.3784,209,3.3279,0.2923,Roma
228,20045,1.1667,0.2271,210,1.1157,0.4413,Type_B
228,20047,0.837,0.1855,218,0.2375,0.1875,Utopia
228,20048,1.0679,0.4398,215,0.8121,0.4359,Roma
228,20049,0.8485,0.0858,213,0.4971,0.2083,Utopia
228,20050,1.3953,0.3326,228,0.2036,0.1202,Roma
228,20051,1.5239,0.4087,224,1.5797,0.2357,Roma
228,20052,0.9546,0.2902,228,0.377,0.2587,Type_A
228,20053,0.2744,0.0447,228,0.0002,0.0002,Utopia
228,20054,1.4379,0.4282,225,0.1993,0.094,Roma
228,20055,0.0301,0.0483,212,0.0002,0.0001,Utopia
228,20056,1.0153,0.1341,218,1.0758,0.3635,Type_B
228,20057,0.7013,0.0745,219,0.4454,0.1582,Utopia
228,20058,1.1504,0.164,192,1.9863,0.4986,Type_B
228,20059,1.4947,0.3861,217,0.331,0.1824,Roma
230,20000,1.141,0.3916,155,0.0003,0.0002,Roma
230,20003,1.5866,0.4679,225,0.4506,0.1971,Roma
230,20004,1.622,0.3911,224,0.0003,0.0003,Roma
230,20005,0.6257,0.1015,213,0.3271,0.1226,Utopia
230,20006,0.8948,0.2516,229,0.2892,0.2165,Utopia
230,20007,0.2902,0.0441,230,0.0002,0.0001,Utopia
230,20008,0.7199,0.073,230,0.3333,0.1581,Utopia
230,20009,1.0685,0.1416,204,1.855,0.4745,Type_B
230,20010,1.0449,0.3363,210,6.7263,0.6315,Roma
230,20011,0.6372,0.075,217,0.3066,0.1223,Utopia
230,20012,1.1827,0.1103,212,1.2199,0.4606,Type_B
230,20013,1.0129,0.3856,224,0.5755,0.3556,Roma
230,20014,0.9505,0.2712,230,0.3413,0.2382,Utopia
230,20015,0.8722,0.2589,230,0.2991,0.2246,Utopia
230,20016,1.0219,0.3778,223,0.5584,0.3477,Roma
230,20017,0.0246,0.048,209,0.0002,0.0002,Utopia
230,20018,1.1238,0.54,172,0.0002,0.0001,Roma
230,20019,0.9068,0.0906,217,0.7583,0.2699,Utopia
230,20020,1.0291,0.3884,221,0.5778,0.3513,Roma
230,20021,1.0251,0.3795,225,0.5627,0.3494,Roma
230,20022,1.0585,0.4535,199,3.1005,0.5805,Roma
230,20023,0.5165,0.068,230,0.158,0.0693,Utopia
230,20024,1.0777,0.4264,230,0.7669,0.4208,Roma
230,20025,1.0836,0.4208,230,0.782,0.4142,Roma
230,20026,0.2841,0.0444,230,0.0002,0.0002,Utopia
230,20027,1.1868,0.1039,214,0.8056,0.3644,Type_B
230,20028,0.9875,0.361,219,0.509,0.3295,Roma
230,20029,0.9709,0.3236,220,0.433,0.2908,Type_A
230,20030,0.651,0.1078,216,0.3381,0.1319,Utopia
230,20031,0.3049,0.0442,230,0.0002,0.0001,Utopia
230,20032,0.516,0.0674,230,0.1873,0.0792,Utopia
230,20033,1.0317,0.4182,218,0.6628,0.3881,Roma
230,20034,1.5521,0.4023,228,1.4479,0.2413,Roma
230,20035,0.599,0.0763,214,0.2939,0.1156,Utopia
230,20036,0.6733,0.1091,223,0.4862,0.1581,Utopia
230,20037,0.9381,0.2269,230,0.3132,0.2295,Utopia
230,20038,0.8956,0.2477,230,0.272,0.2057,Utopia
230,20039,0.2532,0.0448,230,0.0002,0.0002,Utopia
230,20040,0.6446,0.0736,230,0.2928,0.129,Utopia
230,20041,0.9851,0.3222,225,0.4328,0.2903,Type_A
230,20042,1.0853,0.1894,201,2.3147,0.4951,Type_B
230,20043,0.249,0.0448,230,0.0002,0.0002,Utopia
230,20044,0.9699,0.343,222,0.4702,0.3118,Type_A
230,20045,1.0289,0.3744,219,0.5546,0.3438,Roma
230,20046,0.9549,0.3175,226,0.4256,0.2875,Type_A
230,20047,0.774,0.1594,223,0.1913,0.1565,Utopia
230,20048,0.879,0.272,226,0.3233,0.2391,Utopia
230,20049,0.991,0.313,230,0.4128,0.2784,Roma
230,20050,0.9199,0.0939,218,0.7832,0.2715,Utopia
230,20051,0.5225,0.0683,230,0.1528,0.07,Utopia
230,20052,1.2824,0.4317,176,0.0002,0.0001,Roma
230,20053,0.8166,0.1816,222,0.2336,0.1856,Utopia
230,20054,0.7221,0.0753,226,0.4584,0.1672,Utopia
230,20055,0.0731,0.0358,206,0.0002,0.0002,Utopia
230,20056,1.5541,0.4563,221,0.4292,0.1901,Roma
230,20057,0.9808,0.1011,215,0.6923,0.2979,Utopia
230,20058,1.2795,0.4085,167,0.0001,0.0001,Roma
230,20059,0.8384,0.2209,225,0.2598,0.2012,Utopia
230,20060,0.7026,0.0734,228,0.3826,0.1451,Utopia
230,20061,0.6347,0.0759,214,0.3257,0.1374,Utopia
230,20062,0.7564,0.0742,228,0.4892,0.1786,Utopia
230,20063,0.5247,0.0698,230,0.2124,0.0869,Utopia
230,20064,1.5304,0.5977,216,0.6206,0.1855,Roma
230,20065,1.6035,0.4833,222,0.4804,0.2069,Roma
230,20066,1.033,0.4056,227,0.6341,0.3775,Roma
230,20067,0.786,0.0783,223,0.5479,0.1963,Utopia
230,20068,0.9749,0.3412,226,0.472,0.3108,Type_A
230,20069,1.0847,0.5243,224,1.022,0.4865,Roma
230,20070,0.9943,0.3883,220,0.5697,0.3552,Roma
230,20071,1.015,0.4144,221,0.6368,0.38,Roma
230,20072,1.0091,0.3447,230,0.4912,0.3157,Roma
230,20073,1.5158,0.4061,230,1.4237,0.2257,Roma
230,20074,1.0251,0.3774,224,0.5548,0.3467,Roma
230,20075,1.4903,0.3914,230,0.2876,0.1606,Roma
230,20076,1.0357,0.1784,206,2.6645,0.5449,Type_B
230,20077,1.0361,0.4092,228,0.6338,0.3762,Roma
230,20078,0.7911,0.0794,226,0.4829,0.1764,Utopia
230,20079,0.7743,0.0768,219,0.5161,0.1838,Utopia
230,20080,1.5595,0.4138,230,0.739,0.1764,Roma
230,20081,1.5447,0.4237,226,0.3948,0.2068,Roma
230,20082,0.8613,0.2426,228,0.2676,0.2045,Utopia
230,20084,1.5878,0.4627,229,0.4293,0.1894,Roma
230,20085,1.3856,0.343,228,0.2414,0.1517,Roma
230,20086,1.0083,0.3592,229,0.5157,0.3284,Roma
230,20087,0.4328,0.067,230,0.1431,0.0511,Utopia
230,20088,1.4532,0.3489,229,0.2262,0.1309,Roma
230,20089,0.9846,0.3461,223,0.4831,0.315,Type_A
230,20090,1.0198,0.3575,198,4.0901,0.5224,Roma
230,20091,1.027,0.3621,224,0.5344,0.3344,Roma
230,20092,0.16,0.0466,220,0.0002,0.0002,Utopia
230,20093,1.0646,0.1468,216,1.3482,0.3779,Type_B
230,20094,0.8699,0.2407,230,0.2626,0.201,Utopia
230,20095,0.5068,0.0701,221,0.1841,0.07,Utopia
230,20096,1.0147,0.3972,219,0.6085,0.3688,Roma
230,20097,1.3538,0.3327,227,0.1928,0.1154,Roma
230,20098,0.8158,0.081,214,0.5333,0.2092,Utopia
230,20099,0.8926,0.0934,215,0.8044,0.2722,Utopia
232,20000,0.7687,0.0774,229,0.5228,0.1893,Utopia
232,20001,1.3804,0.3238,152,0.1893,0.1183,Roma
232,20003,0.6126,0.0771,216,0.3032,0.1208,Utopia
232,20004,1.1164,0.4472,177,0.9211,0.4652,Roma
232,20005,1.5766,0.5118,229,0.5368,0.2235,Roma
232,20006,1.2025,0.2055,214,1.162,0.457,Type_B
232,20007,1.1171,0.177,197,1.8102,0.4983,Type_B
232,20008,0.8258,0.0787,228,0.5959,0.2309,Utopia
232,20009,0.2478,0.0445,232,0.0002,0.0001,Utopia
232,20010,0.6449,0.0744,220,0.3105,0.1273,Utopia
232,20011,1.0954,0.4368,221,0.8713,0.4531,Roma
232,20012,0.5858,0.1024,226,0.3043,0.116,Utopia
232,20013,1.0081,0.3843,223,0.5656,0.3522,Roma
232,20014,0.6271,0.0721,232,0.2662,0.1181,Utopia
232,20015,1.393,0.5823,191,9.2185,0.3907,Roma
232,20016,1.0975,0.431,222,0.8377,0.4426,Roma
232,20017,1.0317,0.403,232,0.6197,0.3704,Roma
232,20018,1.2804,0.2883,227,0.16,0.1069,Roma
232,20019,0.3068,0.0441,232,0.0002,0.0001,Utopia
232,20020,0.525,0.0723,219,0.2053,0.0777,Utopia
232,20021,0.2889,0.0442,232,0.0002,0.0001,Utopia
232,20022,0.2694,0.0442,231,0.0002,0.0001,Utopia
232,20023,0.7489,0.103,232,0.7782,0.1909,Utopia
232,20024,1.3705,0.3336,231,0.196,0.1169,Roma
232,20025,0.7217,0.4281,207,11.3372,0.786,Type_A
232,20026,1.4639,0.3978,225,0.309,0.1729,Roma
232,20027,0.9923,0.3357,227,0.4625,0.3049,Roma
232,20028,1.2243,0.5483,135,0.0002,0.0002,Roma
232,20029,1.4575,0.4066,213,2.9355,0.2685,Roma
232,20030,0.92,0.1016,215,0.7426,0.2626,Utopia
232,20031,1.0114,0.4036,220,0.6102,0.37,Roma
232,20032,1.1236,0.1877,198,2.0997,0.5247,Type_B
232,20033,0.5132,0.0679,232,0.1978,0.0831,Utopia
232,20034,1.4632,0.4151,225,0.2286,0.1207,Roma
232,20035,0.286,0.0442,232,0.0002,0.0001,Utopia
232,20036,0.8227,0.0825,216,0.819,0.2209,Utopia
232,20037,1.3099,0.4443,194,1.7913,0.1667,Roma
232,20038,1.0461,0.1335,222,1.0896,0.3862,Type_B
232,20039,0.8737,0.2522,232,0.287,0.2166,Utopia
232,20040,0.6694,0.1056,225,0.3853,0.1428,Utopia
232,20041,1.5711,0.4538,220,0.4337,0.1917,Roma
232,20042,1.4844,0.4506,194,4.6899,0.2912,Roma
232,20043,1.017,0.3958,227,0.6007,0.3641,Roma
232,20044,1.1178,0.4279,207,0.8774,0.4536,Roma
232,20045,0.8412,0.2387,230,0.2598,0.2,Utopia
232,20046,0.8526,0.2308,232,0.248,0.1918,Utopia
232,20047,1.0706,0.4109,227,0.7327,0.4108,Roma
232,20049,0.7783,0.0774,228,0.5075,0.1914,Utopia
232,20050,1.5,0.4206,211,3.6789,0.2859,Roma
232,20051,1.5263,0.4199,232,0.8427,0.1859,Roma
232,20052,0.2195,0.0461,224,0.0002,0.0001,Utopia
232,20053,1.0093,0.394,232,0.6032,0.3669,Roma
232,20054,0.8974,0.282,230,0.3522,0.2549,Type_A
232,20055,1.0421,0.4147,226,0.6774,0.3927,Roma
232,20056,1.1474,0.3086,216,2.9371,0.5701,Roma
232,20057,1.5087,0.4042,232,0.876,0.1985,Roma
232,20058,0.78,0.2118,230,0.2264,0.1809,Utopia
232,20059,1.0936,0.3744,209,4.1692,0.6285,Roma
234,20000,1.5851,0.4361,225,0.4668,0.2324,Roma
234,20001,0.299,0.0438,234,0.0002,0.0001,Utopia
234,20002,0.2877,0.0437,234,0.0002,0.0002,Utopia
234,20003,0.9722,0.2983,234,0.415,0.2747,Type_A
234,20004,1.2641,0.405,178,0.0002,0.0001,Roma
234,20005,1.7338,0.5771,167,0.9482,0.3121,Roma
234,20006,0.2758,0.0439,234,0.0002,0.0002,Utopia
234,20007,0.3161,0.0439,234,0.0002,0.0002,Utopia
234,20008,1.0452,0.2572,206,2.7257,0.5593,Type_B
234,20009,1.01,0.3794,221,0.5748,0.3542,Roma
234,20010,0.7827,0.1999,231,0.2103,0.1686,Utopia
234,20011,1.5814,0.4158,234,1.1994,0.2327,Roma
234,20012,1.0447,0.4123,233,0.6679,0.3895,Roma
234,20013,1.6066,0.5512,227,0.6555,0.2586,Roma
234,20014,0.2534,0.044,233,0.0002,0.0002,Utopia
234,20015,0.0335,0.0407,209,0.0002,0.0002,Utopia
234,20016,0.5432,0.0684,234,0.1554,0.0723,Utopia
234,20017,0.2902,0.0438,234,0.0002,0.0002,Utopia
234,20018,0.6952,0.1222,222,0.5074,0.1562,Utopia
234,20019,1.5597,0.4111,228,0.4423,0.2253,Roma
234,20020,0.6044,0.0947,217,0.3178,0.1211,Utopia
234,20021,1.0552,0.4088,228,0.6765,0.3915,Roma
234,20022,1.5983,0.4655,230,0.5175,0.2203,Roma
234,20023,1.5518,0.3945,234,1.1822,0.2161,Roma
234,20024,1.5626,0.4292,225,0.4315,0.2205,Roma
234,20025,0.269,0.0439,234,0.0002,0.0002,Utopia
234,20026,0.2171,0.0447,232,0.0002,0.0002,Utopia
234,20027,1.2157,0.4036,175,0.0002,0.0002,Roma
234,20028,1.5186,0.5428,225,0.4434,0.1454,Roma
234,20029,0.9799,0.2972,228,0.439,0.2989,Type_A
234,20030,1.1245,0.2601,224,1.0816,0.3636,Type_B
234,20031,0.906,0.0927,219,0.5749,0.2443,Utopia
234,20032,1.5756,0.4054,197,1.6782,0.2577,Roma
234,20033,1.0361,0.4372,229,0.7133,0.4055,Roma
234,20034,1.0345,0.3614,229,0.5275,0.3323,Roma
234,20035,1.2008,0.4224,165,0.0003,0.0002,Roma
234,20036,0.8333,0.0814,222,0.6816,0.2267,Utopia
234,20037,0.9797,0.3294,232,0.4552,0.3007,Type_A
234,20038,1.3107,0.2868,232,0.1645,0.1087,Roma
234,20039,1.108,0.2736,203,0.0002,0.0002,Roma
234,20040,1.4761,0.4874,206,1.7641,0.2474,Roma
234,20041,1.7425,0.4194,229,0.1744,0.0901,Roma
234,20042,0.9196,0.2622,233,0.3381,0.2346,Utopia
234,20043,0.7534,0.0797,225,0.5004,0.1771,Utopia
234,20044,0.6191,0.0706,234,0.2638,0.1186,Utopia
234,20045,1.0011,0.3436,234,0.4858,0.3143,Roma
234,20046,1.0016,0.1154,221,1.0251,0.3409,Type_B
234,20047,0.854,0.2403,232,0.2698,0.2061,Utopia
234,20048,1.0625,0.4188,219,0.8017,0.4356,Roma
234,20049,0.8169,0.5936,201,6.6387,0.7602,Type_A
234,20050,0.8611,0.2387,234,0.2681,0.2038,Utopia
234,20051,1.3714,0.3399,232,0.2409,0.1512,Roma
234,20052,1.0026,0.3458,230,0.4874,0.316,Roma
234,20053,0.1917,0.0458,226,0.0001,0.0001,Utopia
234,20054,0.6883,0.0776,219,0.377,0.1453,Utopia
234,20055,0.8964,0.161,225,1.175,0.2587,Utopia
234,20056,0.2854,0.0438,234,0.0002,0.0001,Utopia
234,20057,1.5637,0.3988,234,0.7856,0.1927,Roma
234,20058,1.0031,0.3236,234,0.4867,0.3049,Roma
234,20059,0.9399,0.2926,233,0.3761,0.2664,Type_A
